"('1', 1.0)","('2', 1.0)","('3', 1.0)","('4', 1.0)"
"('68', 0.044330050969940915)","('599', 0.04807925798778345)","('217', 0.04843346156984026)","('160', 0.050181926468153115)"
"('41', 0.125)","('153', 0.12759338066860484)","('139', 0.13840926619852625)","('305', 0.141599379761988)"
"('474', 0.07000188179821323)","('414', 0.07243097223843986)","('288', 0.08247900391562928)","('84', 0.08495938795016529)"
"('603', 0.04891836099528801)","('414', 0.04915081613436867)","('474', 0.052863977709902865)","('182', 0.055715113560448185)"
"('68', 0.10351694645735657)","('6', 0.10676232268609791)","('414', 0.10886898139200682)","('474', 0.10886898139200682)"
"('599', 0.04196232602337674)","('414', 0.04960995644991261)","('307', 0.05506304021032544)","('608', 0.0553524484612438)"
"('414', 0.05655843937822282)","('480', 0.05893196623098941)","('68', 0.06051739456775009)","('608', 0.06276209244625261)"
"('308', 0.08063375388365411)","('6', 0.09132524868434898)","('68', 0.09511898095218128)","('600', 0.1)"
"('177', 0.12052171788829114)","('599', 0.12230396133076557)","('182', 0.1247219569701368)","('68', 0.1261319836228832)"
"('298', 0.05382596049106151)","('414', 0.060282881273222705)","('62', 0.06458801608603708)","('249', 0.0658108207809396)"
"('160', 0.07084723420236258)","('307', 0.08333333333333333)","('600', 0.08787137935375501)","('308', 0.08989387552372703)"
"('298', 0.09143021439566133)","('307', 0.10084429617915293)","('489', 0.1023021629920016)","('599', 0.10367197603925819)"
"('517', 0.11371093948217485)","('153', 0.1190571961576627)","('489', 0.122828568570857)","('111', 0.13100580420257674)"
"('602', 0.09441387963324659)","('307', 0.09904223485419114)","('480', 0.10290397182775128)","('240', 0.10477782979607683)"
"('380', 0.058211657477903876)","('68', 0.06093460891087713)","('610', 0.06289440916629566)","('249', 0.06299421012777986)"
"('308', 0.08309762522034746)","('414', 0.08852981086654285)","('580', 0.08989387552372703)","('328', 0.09239205604391885)"
"('308', 0.06002235317652334)","('517', 0.07253361140027337)","('328', 0.07462911140842712)","('68', 0.07742110133200698)"
"('68', 0.04786185247391453)","('308', 0.04824061727481998)","('298', 0.049561851154097086)","('517', 0.05115812533816737)"
"('414', 0.035667139272865134)","('380', 0.03852828215027835)","('555', 0.039768716383675726)","('68', 0.04169500212256502)"
"('68', 0.05110529346218804)","('608', 0.0528834861253239)","('599', 0.05601519274329582)","('517', 0.05759350767367787)"
"('448', 0.041377257445461856)","('414', 0.04228418614416455)","('380', 0.042543135251936294)","('298', 0.04361857623612444)"
"('414', 0.04218586021279972)","('610', 0.045114117423974774)","('305', 0.04660424561791326)","('68', 0.05045019171894894)"
"('414', 0.08462632608958592)","('603', 0.08881671236778509)","('182', 0.09798180680311624)","('391', 0.09798180680311624)"
"('153', 0.08521186237892293)","('68', 0.09019474442596533)","('308', 0.09132524868434898)","('600', 0.0950003280404326)"
"('308', 0.08768602352766812)","('461', 0.09864040534846706)","('153', 0.1023021629920016)","('338', 0.10762453100942435)"
"('584', 0.11978243827074593)","('43', 0.14118784806383944)","('42', 0.15022110482233483)","('126', 0.15022110482233483)"
"('313', 0.06484157054036695)","('288', 0.07004803450700002)","('603', 0.07028021008806296)","('599', 0.07123316455861123)"
"('414', 0.03645756354524018)","('610', 0.04302374971045109)","('380', 0.04393662464971205)","('474', 0.0457401175475534)"
"('517', 0.07680010648203002)","('308', 0.09261009443297592)","('599', 0.10526315789473684)","('68', 0.10815240673485554)"
"('308', 0.07931354591584223)","('153', 0.08063375388365411)","('328', 0.08270931562630669)","('567', 0.08341236315589107)"
"('160', 0.0934984915573404)","('600', 0.09584069468246141)","('307', 0.09670458952040234)","('599', 0.0985075843971186)"
"('599', 0.07931354591584223)","('308', 0.08077670565557231)","('68', 0.0887207587759528)","('307', 0.0920679632380053)"
"('308', 0.06900959979686211)","('68', 0.07401926690158717)","('414', 0.07537019495909898)","('517', 0.07577875409577305)"
"('489', 0.06731102858927235)","('414', 0.0686159452141786)","('160', 0.06968141000179796)","('438', 0.0725850991629007)"
"('600', 0.11718851276519608)","('308', 0.11953915363996465)","('307', 0.12102259948148744)","('112', 0.12309353616859305)"
"('414', 0.08006965872577143)","('305', 0.1004193871745673)","('597', 0.10113069765789216)","('182', 0.10200533896509156)"
"('126', 0.09837531795074314)","('136', 0.10676232268609791)","('428', 0.10960059084055324)","('314', 0.11787845042814334)"
"('6', 0.07897706510881926)","('308', 0.07951757069767086)","('603', 0.08179977728257459)","('68', 0.08194922290123727)"
"('68', 0.07023358562337863)","('517', 0.07192439819071868)","('160', 0.07248223589597375)","('462', 0.07353155732712617)"
"('599', 0.07137956511891641)","('68', 0.07838233891661091)","('136', 0.07871102875529136)","('600', 0.07993052800928775)"
"('414', 0.04453660958720727)","('610', 0.04717201443912569)","('68', 0.04747796425339696)","('380', 0.04862867726657198)"
"('599', 0.03737131131287927)","('414', 0.04173287412144431)","('474', 0.044594509357267574)","('68', 0.04484021734763289)"
"('599', 0.04601845467435074)","('608', 0.04862867726657198)","('19', 0.05333834187674792)","('414', 0.05601519274329582)"
"('608', 0.09559823688375424)","('492', 0.10477782979607683)","('217', 0.10676232268609791)","('160', 0.1111111111111111)"
"('599', 0.03705023400553603)","('600', 0.03945324486333705)","('68', 0.04066652065557318)","('182', 0.043138641573969114)"
"('308', 0.08194922290123727)","('386', 0.09305100366818048)","('330', 0.09864040534846706)","('307', 0.09958601436548065)"
"('414', 0.059041017590945565)","('305', 0.06722943564235827)","('495', 0.0703269298785743)","('105', 0.07089512399461878)"
"('153', 0.08704668331836253)","('160', 0.09695589510319043)","('287', 0.10542649822871226)","('298', 0.11189119247086728)"
"('308', 0.10336263685452844)","('41', 0.1190571961576627)","('462', 0.12077134402462537)","('153', 0.12417165107349624)"
"('249', 0.04879574852141934)","('380', 0.0517870857848932)","('414', 0.051805404843482415)","('610', 0.05576095965660927)"
"('599', 0.03848374728808339)","('68', 0.0432227885913674)","('414', 0.045332067093000424)","('608', 0.04610810507160937)"
"('298', 0.05766967909160975)","('22', 0.06142239479542419)","('599', 0.06466014953896486)","('139', 0.06484157054036695)"
"('599', 0.09429793267012902)","('603', 0.1111111111111111)","('368', 0.12178632452799958)","('448', 0.12671020163537874)"
"('584', 0.11034777731716484)","('573', 0.1190571961576627)","('43', 0.12077134402462537)","('304', 0.12389934309929541)"
"('414', 0.0994491992362644)","('599', 0.10445812551367066)","('64', 0.10850884755755627)","('474', 0.1111111111111111)"
"('308', 0.09239205604391885)","('428', 0.09338599377451795)","('160', 0.09488213349077174)","('81', 0.09584069468246141)"
"('517', 0.044003314187686694)","('160', 0.046630811271608806)","('68', 0.047103314939727886)","('603', 0.04773283965556676)"
"('599', 0.06157730012595965)","('307', 0.06401970160852384)","('600', 0.06440875736349501)","('308', 0.06678604176309971)"
"('517', 0.06662702036426069)","('599', 0.07079944378631642)","('160', 0.074798137347717)","('474', 0.074798137347717)"
"('308', 0.1190571961576627)","('153', 0.15174115516527187)","('116', 0.16597681693032765)","('483', 0.18001097668719743)"
"('21', 0.11169456803684231)","('22', 0.11208890297777215)","('308', 0.11519216806670013)","('160', 0.1190571961576627)"
"('298', 0.03944525561447946)","('153', 0.04587864274179704)","('599', 0.04735207316094293)","('68', 0.04780438227932302)"
"('68', 0.04852326349707321)","('414', 0.04924474667466799)","('517', 0.05079176336261524)","('610', 0.053519612458147216)"
"('68', 0.037487070494395036)","('599', 0.04410392917694559)","('517', 0.04507810198618618)","('608', 0.04595474300471324)"
"('308', 0.10336263685452844)","('153', 0.12880166769238752)","('22', 0.12910941082283192)","('298', 0.13299282904102766)"
"('599', 0.04657772605372899)","('68', 0.048568355386439534)","('517', 0.05093038311504469)","('603', 0.05777172237849091)"
"('308', 0.08713713489543432)","('153', 0.10185792891562474)","('462', 0.10429940919118673)","('68', 0.10676232268609791)"
"('414', 0.024991991062631374)","('298', 0.02838422725050223)","('599', 0.02933994364823643)","('380', 0.029405213493980717)"
"('462', 0.08232655906534667)","('567', 0.09418242656651009)","('428', 0.09511898095218128)","('68', 0.09523809523809523)"
"('517', 0.07742110133200698)","('308', 0.09571922735235798)","('462', 0.09596264205935481)","('153', 0.10559063142118316)"
"('160', 0.08704668331836253)","('489', 0.10098718092501505)","('301', 0.10215341528686521)","('288', 0.10414144201428256)"
"('308', 0.08255555416690967)","('153', 0.09019474442596533)","('462', 0.09620798984559276)","('517', 0.1023021629920016)"
"('298', 0.04530769188646835)","('68', 0.06051739456775009)","('139', 0.0611770117408222)","('567', 0.06154622324828037)"
"('517', 0.06797491551231064)","('68', 0.07655597288453161)","('28', 0.07904400888854206)","('599', 0.08063375388365411)"
"('414', 0.07108768391971712)","('474', 0.07491147878038594)","('160', 0.07613443486845536)","('580', 0.07655597288453161)"
"('380', 0.05274738723504812)","('414', 0.0538465747873455)","('177', 0.06075472619218616)","('483', 0.0626306257717299)"
"('153', 0.08150339420305275)","('567', 0.08920376686034932)","('365', 0.08930134977850068)","('489', 0.09271971393551941)"
"('68', 0.09759314798169781)","('380', 0.0985075843971186)","('448', 0.09972341667868191)","('160', 0.10070203872693176)"
"('308', 0.08413421726415848)","('217', 0.0934984915573404)","('160', 0.09523809523809523)","('182', 0.09785171972967724)"
"('139', 0.05951147991669994)","('599', 0.059539513074170276)","('298', 0.06448027746323107)","('111', 0.06480516134939354)"
"('380', 0.08462632608958592)","('284', 0.09009410830061464)","('453', 0.09217560210204276)","('43', 0.09261009443297592)"
"('448', 0.057044169898316024)","('160', 0.05726695419686788)","('480', 0.0574420841805105)","('182', 0.057695138178969235)"
"('380', 0.06455204184779637)","('414', 0.06784890366995519)","('610', 0.06810164930686716)","('68', 0.06905376908831404)"
"('517', 0.05945553468227231)","('600', 0.062467473889871276)","('308', 0.06423101673057262)","('68', 0.06437308848394117)"
"('603', 0.1261319836228832)","('599', 0.1365270594958143)","('414', 0.1380262631157473)","('474', 0.13918546143426822)"
"('517', 0.08421562119800233)","('153', 0.085296537673365)","('308', 0.09132524868434898)","('365', 0.0934984915573404)"
"('600', 0.1583512993162321)","('256', 0.16015261286229274)","('160', 0.1607677430268676)","('68', 0.16736577623297264)"
"('68', 0.08750187292164367)","('600', 0.08843481296003944)","('22', 0.09009410830061464)","('308', 0.09111643321451778)"
"('414', 0.0418854159260809)","('177', 0.04635415183289753)","('448', 0.04921337565174388)","('474', 0.04940252242354464)"
"('599', 0.11072738900951977)","('603', 0.11881849050177154)","('474', 0.12759338066860484)","('112', 0.13004672183153887)"
"('414', 0.03853571987087578)","('480', 0.04366202843615563)","('160', 0.043749329825683046)","('68', 0.043804163938891846)"
"('599', 0.14285714285714285)","('307', 0.14459058185587106)","('294', 0.14732056773523425)","('153', 0.14972506706560876)"
"('160', 0.05639139975154663)","('599', 0.06299421012777986)","('19', 0.06426644444815657)","('600', 0.06487804258959891)"
"('240', 0.08495938795016529)","('43', 0.0889129881342269)","('584', 0.09261009443297592)","('602', 0.09441387963324659)"
"('68', 0.06517210396962662)","('462', 0.065283436584688)","('182', 0.06772360688560321)","('308', 0.06831449565938301)"
"('517', 0.06810164930686716)","('308', 0.06932062249426807)","('160', 0.07202484076803106)","('462', 0.07331795061269)"
"('428', 0.08713713489543432)","('160', 0.09488213349077174)","('448', 0.09571922735235798)","('489', 0.09759314798169781)"
"('298', 0.06900959979686211)","('365', 0.08172536947802089)","('599', 0.08202426271870983)","('68', 0.08421562119800233)"
"('599', 0.08194922290123727)","('136', 0.08462632608958592)","('414', 0.08487574252862397)","('446', 0.08852981086654285)"
"('599', 0.06394973584199037)","('414', 0.07279218110298913)","('608', 0.07525470484963005)","('307', 0.07542814520690963)"
"('68', 0.08341236315589107)","('603', 0.1)","('391', 0.10056040392403998)","('182', 0.1097859053299371)"
"('584', 0.0877785499571333)","('308', 0.08824576037717174)","('68', 0.10575556400913307)","('136', 0.10815240673485554)"
"('68', 0.040553085151931914)","('517', 0.04601845467435074)","('599', 0.04818175019945642)","('298', 0.04990161207374764)"
"('298', 0.050517945008410226)","('414', 0.05697049581409102)","('517', 0.05863522632133329)","('307', 0.06075472619218616)"
"('298', 0.03570248136189295)","('517', 0.04484021734763289)","('599', 0.04529551925179468)","('68', 0.04621121750717716)"
"('495', 0.09759314798169781)","('153', 0.09972341667868191)","('517', 0.10429940919118673)","('298', 0.1060878539025194)"
"('308', 0.1004193871745673)","('600', 0.10559063142118316)","('489', 0.11034777731716484)","('603', 0.11519216806670013)"
"('462', 0.08462632608958592)","('68', 0.08843481296003944)","('298', 0.08852981086654285)","('599', 0.09185384978441957)"
"('308', 0.07871102875529136)","('6', 0.08270931562630669)","('240', 0.08333333333333333)","('584', 0.08462632608958592)"
"('308', 0.10351694645735657)","('68', 0.11228770976294224)","('10', 0.11519216806670013)","('517', 0.11718851276519608)"
"('298', 0.032249396527234374)","('448', 0.039966708852306645)","('414', 0.040406188586280346)","('68', 0.04396993090653715)"
"('308', 0.06936540706703205)","('153', 0.07407407407407407)","('182', 0.07742110133200698)","('474', 0.08056257029410699)"
"('474', 0.07056197027431589)","('414', 0.07391002619321582)","('517', 0.07502535103270168)","('68', 0.07680010648203002)"
"('177', 0.10868844880646585)","('68', 0.11248762316783266)","('380', 0.11476280872257703)","('475', 0.1190571961576627)"
"('160', 0.06093460891087713)","('599', 0.06282814397370788)","('182', 0.06986398272734382)","('68', 0.07018705615754596)"
"('414', 0.06513512241174305)","('474', 0.06747513137413291)","('307', 0.06968141000179796)","('517', 0.07023358562337863)"
"('308', 0.07300109266271634)","('6', 0.07502535103270168)","('43', 0.07595595279317306)","('240', 0.07767387205027083)"
"('308', 0.12102259948148744)","('153', 0.12880166769238752)","('322', 0.1512290518085545)","('603', 0.15225881209433406)"
"('298', 0.050517945008410226)","('517', 0.05836939558303444)","('448', 0.0584222665170481)","('567', 0.05915068936740821)"
"('71', 0.13957875683699938)","('19', 0.14285714285714285)","('337', 0.1463924816619788)","('6', 0.15438708879488486)"
"('584', 0.09261009443297592)","('308', 0.09372475462602009)","('240', 0.10414144201428256)","('6', 0.1060878539025194)"
"('68', 0.04004173279211103)","('298', 0.04101270893665569)","('599', 0.04287886231382547)","('517', 0.048478299092753474)"
"('153', 0.09535767393825997)","('308', 0.1030561550871519)","('10', 0.10510060395752727)","('365', 0.11268865367232477)"
"('159', 0.09488213349077174)","('517', 0.09772216802741476)","('365', 0.10185792891562474)","('76', 0.11718851276519608)"
"('298', 0.04577777067053248)","('599', 0.05499690833454404)","('68', 0.055419898269634935)","('153', 0.06108576471387629)"
"('330', 0.07897706510881926)","('307', 0.08695652173913043)","('91', 0.09049875621120891)","('480', 0.09122065570061717)"
"('414', 0.10659245208837696)","('517', 0.12153007116878985)","('380', 0.12700245497154075)","('288', 0.13133048602716904)"
"('308', 0.10245158724709724)","('580', 0.11764705882352941)","('328', 0.1247219569701368)","('517', 0.1247219569701368)"
"('600', 0.06569670883641188)","('517', 0.06990985622528449)","('599', 0.070514768894148)","('160', 0.07182438544168726)"
"('308', 0.09720924117892499)","('126', 0.10815240673485554)","('584', 0.11034777731716484)","('191', 0.11606619483971768)"
"('414', 0.09239205604391885)","('380', 0.09596264205935481)","('308', 0.09695589510319043)","('610', 0.09931296705979727)"
"('414', 0.04241305908550619)","('68', 0.04802098877958931)","('380', 0.05117577306415509)","('474', 0.051641242147827386)"
"('584', 0.10477782979607683)","('458', 0.10960059084055324)","('541', 0.11268865367232477)","('592', 0.11350416126511091)"
"('126', 0.10351694645735657)","('314', 0.10745035092526581)","('584', 0.10815240673485554)","('308', 0.1141280565085234)"
"('68', 0.04876524164197934)","('160', 0.050982664164938594)","('599', 0.05101760938474862)","('414', 0.054137732817275755)"
"('599', 0.055419898269634935)","('414', 0.06535798351879653)","('240', 0.0663515090328441)","('474', 0.07253361140027337)"
"('517', 0.06674617714195148)","('580', 0.07192439819071868)","('308', 0.07274024014849512)","('160', 0.08202426271870983)"
"('599', 0.1190571961576627)","('182', 0.12127550239018872)","('517', 0.12729683913915313)","('414', 0.13543579037488937)"
"('380', 0.03831446867412125)","('414', 0.040605320235839064)","('249', 0.04192381729314701)","('610', 0.04311768264734923)"
"('414', 0.041713925040949756)","('599', 0.044036774792328356)","('474', 0.04652482465851837)","('600', 0.047775726001248575)"
"('68', 0.06480516134939354)","('153', 0.06513512241174305)","('517', 0.065283436584688)","('298', 0.070514768894148)"
"('308', 0.10510060395752727)","('314', 0.10542649822871226)","('136', 0.10886898139200682)","('81', 0.11268865367232477)"
"('414', 0.06945524373655049)","('298', 0.07133066211448984)","('177', 0.0779292055122247)","('68', 0.08255555416690967)"
"('308', 0.07060926897583851)","('517', 0.07192439819071868)","('160', 0.0735852591238995)","('68', 0.07457303036595331)"
"('99', 0.12973190755680383)","('6', 0.13100580420257674)","('43', 0.13367660240019172)","('314', 0.14118784806383944)"
"('380', 0.15225881209433406)","('177', 0.1607677430268676)","('448', 0.16736577623297264)","('68', 0.1680743603534397)"
"('414', 0.10676232268609791)","('58', 0.11454999858502388)","('608', 0.12309353616859305)","('38', 0.12556198186509598)"
"('68', 0.11228770976294224)","('305', 0.11268865367232477)","('517', 0.11562659600676829)","('22', 0.11606619483971768)"
"('160', 0.07951757069767086)","('414', 0.08150339420305275)","('380', 0.08270931562630669)","('469', 0.08333333333333333)"
"('160', 0.11606619483971768)","('337', 0.13957875683699938)","('308', 0.14779166813443093)","('153', 0.14923419446018063)"
"('599', 0.08495938795016529)","('19', 0.0889129881342269)","('217', 0.09837531795074314)","('414', 0.10113069765789216)"
"('308', 0.08070513203801567)","('41', 0.09406735849732001)","('153', 0.1012748511208929)","('517', 0.10693304064356411)"
"('414', 0.035922799861855106)","('249', 0.03808985095932278)","('380', 0.04036329083905624)","('68', 0.04106676868658013)"
"('153', 0.09122065570061717)","('567', 0.09476439431879669)","('50', 0.09931296705979727)","('139', 0.09986141045059158)"
"('182', 0.10559063142118316)","('294', 0.10886898139200682)","('599', 0.11371093948217485)","('160', 0.11741708448984602)"
"('517', 0.04991796902608798)","('597', 0.05298135928326367)","('68', 0.05329831373078414)","('414', 0.053519612458147216)"
"('603', 0.1365270594958143)","('68', 0.141599379761988)","('308', 0.1424339656566283)","('230', 0.1437155838813476)"
"('414', 0.15384615384615385)","('51', 0.17253779651421453)","('219', 0.17491720310721423)","('600', 0.17491720310721423)"
"('414', 0.06398468938182063)","('153', 0.06662702036426069)","('298', 0.06678604176309971)","('307', 0.074798137347717)"
"('380', 0.03279144120541456)","('414', 0.03318586170912938)","('68', 0.034429799267677044)","('599', 0.036001195080994086)"
"('76', 0.11053707403475357)","('414', 0.11072738900951977)","('89', 0.11787845042814334)","('308', 0.12178632452799958)"
"('308', 0.09972341667868191)","('600', 0.11091873155637468)","('474', 0.11268865367232477)","('411', 0.11433841851550565)"
"('603', 0.15225881209433406)","('307', 0.16265941452915686)","('199', 0.17253779651421453)","('42', 0.1757340838011157)"
"('308', 0.08413421726415848)","('160', 0.09132524868434898)","('462', 0.09464710756745298)","('428', 0.09511898095218128)"
"('517', 0.09682998898940481)","('298', 0.10013918969035378)","('160', 0.10027898393035446)","('308', 0.1014196461075442)"
"('517', 0.05701957948088524)","('308', 0.05810722092625532)","('462', 0.06170209044840629)","('600', 0.06360339218695461)"
"('414', 0.05979364545590411)","('480', 0.0617647770662168)","('599', 0.062305618373802274)","('182', 0.06370669049627474)"
"('517', 0.06584899355361352)","('308', 0.08056257029410699)","('580', 0.0818743947575383)","('474', 0.08824576037717174)"
"('307', 0.042543135251936294)","('599', 0.04302374971045109)","('600', 0.045332067093000424)","('298', 0.0462500662988834)"
"('43', 0.09837531795074314)","('584', 0.10290397182775128)","('608', 0.10461759701469682)","('6', 0.10745035092526581)"
"('217', 0.07412900643094707)","('68', 0.074798137347717)","('599', 0.08)","('308', 0.08113753754739587)"
"('230', 0.12178632452799958)","('474', 0.13616022344521683)","('160', 0.1399755881284967)","('308', 0.1407800774583959)"
"('308', 0.11628796611075475)","('94', 0.122828568570857)","('91', 0.12671020163537874)","('573', 0.12671020163537874)"
"('599', 0.07911112808046702)","('160', 0.07972322405002039)","('307', 0.08172536947802089)","('584', 0.08270931562630669)"
"('307', 0.14328432723886902)","('414', 0.14328432723886902)","('438', 0.15894454156034005)","('448', 0.16879264089884097)"
"('160', 0.09122065570061717)","('314', 0.09837531795074314)","('308', 0.09890772657493047)","('608', 0.10382773130361952)"
"('298', 0.033738183684149374)","('414', 0.033738183684149374)","('68', 0.036153427225835234)","('517', 0.03647643757982717)"
"('308', 0.06577271587218825)","('517', 0.07655597288453161)","('68', 0.08070513203801567)","('600', 0.0835711203331711)"
"('308', 0.07531238168820484)","('600', 0.08056257029410699)","('160', 0.08633338057890416)","('330', 0.08668776138957036)"
"('153', 0.12444584824196174)","('308', 0.148748395941096)","('474', 0.15548737703860027)","('414', 0.16462407202206505)"
"('240', 0.07263669959755374)","('6', 0.07434999738953722)","('43', 0.07548623297930128)","('414', 0.07566132696708679)"
"('414', 0.032503674725733823)","('68', 0.0331905879967658)","('599', 0.03338133071180958)","('380', 0.037076670863312705)"
"('160', 0.08633338057890416)","('517', 0.09584069468246141)","('308', 0.09746465591417187)","('462', 0.09890772657493047)"
"('567', 0.08349162510502155)","('153', 0.085296537673365)","('50', 0.09453027030671084)","('298', 0.09596264205935481)"
"('328', 0.10215341528686521)","('414', 0.12256538371419255)","('608', 0.12309353616859305)","('344', 0.12789210656028413)"
"('160', 0.04636721279905955)","('68', 0.05530762116092424)","('600', 0.056438971264992775)","('599', 0.05928866062860391)"
"('68', 0.05228876018440262)","('414', 0.053458979870802475)","('480', 0.055262904711686725)","('580', 0.05829036315924428)"
"('599', 0.10084429617915293)","('474', 0.10923287351374115)","('387', 0.10941624977854181)","('517', 0.10997220198634608)"
"('308', 0.09571922735235798)","('153', 0.13100580420257674)","('328', 0.13198753181024742)","('10', 0.13231996486433337)"
"('308', 0.08624548359738018)","('298', 0.08750187292164367)","('153', 0.08999381933904535)","('365', 0.09785171972967724)"
"('6', 0.07502535103270168)","('584', 0.07897706510881926)","('602', 0.08333333333333333)","('411', 0.08598344475655936)"
"('160', 0.10542649822871226)","('386', 0.10960059084055324)","('489', 0.11628796611075475)","('588', 0.11696132920126338)"
"('517', 0.09931296705979727)","('177', 0.10215341528686521)","('68', 0.10676232268609791)","('580', 0.10797555124058221)"
"('68', 0.1560469703786189)","('608', 0.16330595576157622)","('489', 0.16666666666666666)","('36', 0.16952084719853724)"
"('603', 0.05564656009922349)","('414', 0.058688838760372446)","('391', 0.06111613402441368)","('599', 0.06398468938182063)"
"('461', 0.10850884755755627)","('600', 0.10941624977854181)","('308', 0.11130453723244073)","('328', 0.11189119247086728)"
"('462', 0.09429793267012902)","('182', 0.10445812551367066)","('313', 0.10542649822871226)","('603', 0.10745035092526581)"
"('414', 0.04873479288406088)","('603', 0.05294214363635836)","('599', 0.05441244915941119)","('68', 0.05445509269279647)"
"('414', 0.04717201443912569)","('517', 0.05080902785134886)","('68', 0.05093038311504469)","('182', 0.05564656009922349)"
"('298', 0.04369470424317843)","('517', 0.04484021734763289)","('68', 0.046133817416495505)","('599', 0.04628901482417123)"
"('160', 0.05948348715197548)","('68', 0.06102516459566964)","('608', 0.06306101459887883)","('428', 0.06322898119006432)"
"('603', 0.04657772605372899)","('160', 0.050517945008410226)","('517', 0.054605153784705554)","('308', 0.057044169898316024)"
"('600', 0.09682998898940481)","('517', 0.09785171972967724)","('308', 0.10027898393035446)","('182', 0.1015650874624863)"
"('517', 0.07237982001823152)","('22', 0.08135644103269736)","('328', 0.08504328885119831)","('298', 0.08633338057890416)"
"('103', 0.122828568570857)","('517', 0.141599379761988)","('153', 0.15022110482233483)","('461', 0.1560469703786189)"
"('112', 0.11350416126511091)","('501', 0.13100580420257674)","('477', 0.1365270594958143)","('160', 0.1380262631157473)"
"('474', 0.1365270594958143)","('414', 0.13918546143426822)","('19', 0.14037600977966974)","('600', 0.14459058185587106)"
"('160', 0.11350416126511091)","('462', 0.11787845042814334)","('308', 0.11929741177788225)","('328', 0.1399755881284967)"
"('308', 0.07780121570702293)","('517', 0.09811243299910322)","('21', 0.10559063142118316)","('10', 0.1090504535237125)"
"('567', 0.053682332732216925)","('153', 0.06666666666666667)","('298', 0.07084723420236258)","('448', 0.07337117312501633)"
"('308', 0.07094311351148853)","('153', 0.07525470484963005)","('462', 0.08939926417257112)","('517', 0.09080596672292586)"
"('153', 0.06401970160852384)","('380', 0.0649878377181464)","('610', 0.06600236736805473)","('68', 0.0671076139113542)"
"('298', 0.09090909090909091)","('448', 0.09294016602622353)","('22', 0.0950003280404326)","('139', 0.09608507269843874)"
"('389', 0.122828568570857)","('337', 0.12973190755680383)","('240', 0.13957875683699938)","('71', 0.14459058185587106)"
"('308', 0.0704676644986874)","('599', 0.08843481296003944)","('517', 0.08862512554273572)","('22', 0.09101257901487686)"
"('517', 0.06981820166840921)","('414', 0.07042065675292401)","('599', 0.07613443486845536)","('68', 0.07729566350751464)"
"('414', 0.03676315829780861)","('380', 0.040905235854918835)","('160', 0.041460648628666885)","('603', 0.04178036168068463)"
"('68', 0.12077134402462537)","('474', 0.12729683913915313)","('608', 0.13068363810000083)","('414', 0.13367660240019172)"
"('68', 0.039036474793689824)","('380', 0.039892110839805414)","('414', 0.04105774366988674)","('608', 0.04182801408670284)"
"('68', 0.048196446421931875)","('160', 0.05284449126911763)","('298', 0.05327833405533554)","('182', 0.05329831373078414)"
"('517', 0.05376426204630944)","('68', 0.054137732817275755)","('474', 0.058185494468347296)","('599', 0.05852844982403652)"
"('414', 0.059765244310556895)","('380', 0.06690607587070467)","('68', 0.06739292652544907)","('517', 0.06827176282837344)"
"('414', 0.08349162510502155)","('380', 0.08495938795016529)","('160', 0.08759379839999841)","('328', 0.08843481296003944)"
"('599', 0.07748405612639898)","('19', 0.0779292055122247)","('313', 0.08150339420305275)","('307', 0.08504328885119831)"
"('19', 0.08852981086654285)","('603', 0.08852981086654285)","('387', 0.08959609502641357)","('160', 0.08969501534404137)"
"('68', 0.04036329083905624)","('599', 0.04267443359716188)","('608', 0.045222692143265686)","('517', 0.04528335657792112)"
"('517', 0.07274024014849512)","('22', 0.07342451478119408)","('153', 0.0741840644545957)","('298', 0.08217498142904515)"
"('153', 0.1407800774583959)","('414', 0.14415097937281632)","('448', 0.14459058185587106)","('19', 0.1463924816619788)"
"('308', 0.07649531238445344)","('600', 0.08521186237892293)","('68', 0.09338599377451795)","('307', 0.09785171972967724)"
"('414', 0.05086092903245939)","('474', 0.05353987007917717)","('380', 0.05469147277059145)","('480', 0.054909109155151584)"
"('308', 0.085296537673365)","('153', 0.10290397182775128)","('328', 0.10592130260593688)","('462', 0.11309410860626547)"
"('298', 0.034751315800989356)","('68', 0.04243299201730156)","('517', 0.04421654975060008)","('599', 0.0448756563137008)"
"('305', 0.06793283169031905)","('68', 0.07537019495909898)","('414', 0.07595595279317306)","('62', 0.0779292055122247)"
"('599', 0.052863977709902865)","('608', 0.05304034955580528)","('160', 0.05566938257606757)","('19', 0.05726695419686788)"
"('308', 0.07911112808046702)","('307', 0.08796451339590479)","('600', 0.09153555508348311)","('462', 0.09261009443297592)"
"('307', 0.09464710756745298)","('68', 0.10850884755755627)","('480', 0.10850884755755627)","('599', 0.11881849050177154)"
"('305', 0.11130453723244073)","('517', 0.11696132920126338)","('153', 0.11718851276519608)","('308', 0.11834554519037926)"
"('599', 0.11248762316783266)","('448', 0.13579648178933995)","('517', 0.13764658936132898)","('480', 0.14037600977966974)"
"('600', 0.04732423534742708)","('298', 0.04879574852141934)","('599', 0.0497389372927)","('517', 0.05089561989609666)"
"('599', 0.04975513197191555)","('608', 0.0538465747873455)","('19', 0.056582425994704214)","('160', 0.058688838760372446)"
"('153', 0.08741024545287546)","('517', 0.09217560210204276)","('308', 0.09620798984559276)","('10', 0.10200533896509156)"
"('126', 0.10171118008217982)","('314', 0.1060878539025194)","('308', 0.10797555124058221)","('485', 0.11606619483971768)"
"('307', 0.08589664433760696)","('480', 0.0889129881342269)","('160', 0.08999381933904535)","('314', 0.09090909090909091)"
"('160', 0.06455204184779637)","('517', 0.07891029596989835)","('599', 0.07911112808046702)","('68', 0.08421562119800233)"
"('414', 0.125)","('448', 0.13764658936132898)","('275', 0.14285714285714285)","('603', 0.14285714285714285)"
"('517', 0.051550724423626966)","('298', 0.05255480363370354)","('599', 0.05533002092586531)","('68', 0.061608425158994874)"
"('308', 0.05836939558303444)","('328', 0.06078459365031522)","('68', 0.06370669049627474)","('153', 0.06718875294349319)"
"('567', 0.11015948966072774)","('380', 0.11130453723244073)","('153', 0.11834554519037926)","('111', 0.12256538371419255)"
"('298', 0.027698208029998946)","('448', 0.034324617069285766)","('567', 0.034992974939138055)","('599', 0.03508212452541381)"
"('462', 0.11651106980622213)","('160', 0.12417165107349624)","('68', 0.12880166769238752)","('517', 0.13231996486433337)"
"('308', 0.08454368958153856)","('153', 0.10367197603925819)","('462', 0.10510060395752727)","('4', 0.10815240673485554)"
"('567', 0.0907032043003187)","('153', 0.10642342175357314)","('76', 0.11741708448984602)","('517', 0.12204428147722324)"
"('298', 0.12027370322216947)","('68', 0.1261319836228832)","('599', 0.13299282904102766)","('308', 0.13472338607037426)"
"('517', 0.06455204184779637)","('308', 0.06573467862463629)","('462', 0.07108768391971712)","('365', 0.0734779760311297)"
"('414', 0.0649878377181464)","('474', 0.07075175239978831)","('597', 0.07142857142857142)","('275', 0.07502535103270168)"
"('298', 0.05206396809692322)","('599', 0.060079950142203145)","('448', 0.06462405192388551)","('153', 0.0660794667929689)"
"('414', 0.12642005305973533)","('480', 0.1368970350053999)","('167', 0.13879564861321142)","('597', 0.14037600977966974)"
"('139', 0.09931296705979727)","('22', 0.10215341528686521)","('308', 0.10762453100942435)","('68', 0.11053707403475357)"
"('414', 0.09039706632168631)","('380', 0.09372475462602009)","('600', 0.09418242656651009)","('599', 0.09620798984559276)"
"('414', 0.07434999738953722)","('68', 0.07583767869121315)","('599', 0.07877727855268139)","('307', 0.0816511703522071)"
"('517', 0.09453027030671084)","('28', 0.09645529680227778)","('599', 0.10027898393035446)","('68', 0.10113069765789216)"
"('414', 0.1023021629920016)","('58', 0.10414144201428256)","('584', 0.10477782979607683)","('6', 0.10542649822871226)"
"('517', 0.058029268879039725)","('68', 0.06627343191698921)","('599', 0.06835731080075241)","('462', 0.06909802540336554)"
"('160', 0.07457303036595331)","('414', 0.08852981086654285)","('288', 0.0950003280404326)","('153', 0.09523809523809523)"
"('160', 0.06322898119006432)","('603', 0.06936540706703205)","('182', 0.07268841312008083)","('600', 0.07661678192855424)"
"('68', 0.04990161207374764)","('414', 0.05325837725279739)","('603', 0.05528524910871156)","('597', 0.05667868469961318)"
"('462', 0.07113607585369082)","('603', 0.07667774013050205)","('182', 0.08)","('160', 0.08225066236607853)"
"('597', 0.06513512241174305)","('217', 0.06543279239943695)","('414', 0.06706715710775873)","('42', 0.07457303036595331)"
"('160', 0.11881849050177154)","('492', 0.11978243827074593)","('308', 0.13068363810000083)","('337', 0.13100580420257674)"
"('337', 0.08179977728257459)","('492', 0.0889129881342269)","('68', 0.11189119247086728)","('240', 0.11433841851550565)"
"('555', 0.12077134402462537)","('414', 0.12362890232241446)","('160', 0.125)","('68', 0.12729683913915313)"
"('153', 0.10414144201428256)","('380', 0.12642005305973533)","('393', 0.13100580420257674)","('10', 0.13543579037488937)"
"('68', 0.08677706232277535)","('608', 0.08881671236778509)","('599', 0.09101257901487686)","('462', 0.09185384978441957)"
"('599', 0.03180401715341889)","('414', 0.032463818857878225)","('68', 0.03266910024434583)","('380', 0.03508212452541381)"
"('599', 0.044699309430965464)","('474', 0.045186412141673266)","('68', 0.04619828999897138)","('414', 0.04838875032870288)"
"('19', 0.08150339420305275)","('599', 0.08454368958153856)","('428', 0.085296537673365)","('307', 0.08834013005000138)"
"('599', 0.12444584824196174)","('160', 0.1261319836228832)","('153', 0.13265505186373677)","('19', 0.13507810593582123)"
"('308', 0.13918546143426822)","('3', 0.14923419446018063)","('524', 0.1607677430268676)","('68', 0.16597681693032765)"
"('68', 0.06469630910962)","('153', 0.06694623474652706)","('41', 0.06731102858927235)","('305', 0.06923131938664119)"
"('298', 0.05622586048653434)","('599', 0.06163959847297218)","('517', 0.06506135213235968)","('68', 0.06678604176309971)"
"('517', 0.14415097937281632)","('599', 0.16330595576157622)","('160', 0.17176743283130236)","('522', 0.1757340838011157)"
"('517', 0.05033228806792453)","('68', 0.05101760938474862)","('599', 0.0552182986538772)","('153', 0.05620233318059312)"
"('555', 0.1111111111111111)","('603', 0.1111111111111111)","('414', 0.11268865367232477)","('182', 0.11858127877712907)"
"('599', 0.06870282742394507)","('307', 0.07075175239978831)","('373', 0.07412900643094707)","('19', 0.07502535103270168)"
"('328', 0.12528000045831353)","('517', 0.12729683913915313)","('4', 0.12941948075789503)","('414', 0.141599379761988)"
"('68', 0.06772360688560321)","('308', 0.06950029643195446)","('414', 0.07434999738953722)","('307', 0.07613443486845536)"
"('414', 0.04774712205464179)","('68', 0.048887619757201906)","('45', 0.05298135928326367)","('380', 0.058029268879039725)"
"('414', 0.03509331678110601)","('68', 0.03644499732493491)","('599', 0.03881402204014631)","('380', 0.03914526253909751)"
"('313', 0.14201473202245876)","('153', 0.15384615384615385)","('311', 0.15776505912784203)","('414', 0.1652960191502465)"
"('517', 0.05114049618435389)","('580', 0.06577271587218825)","('599', 0.06789082782797856)","('68', 0.06909802540336554)"
"('103', 0.09250087595983508)","('339', 0.09338599377451795)","('153', 0.10398421801784359)","('22', 0.10542649822871226)"
"('414', 0.04623710564131041)","('448', 0.047675840089040654)","('380', 0.04855331055421783)","('599', 0.04959390552010048)"
"('380', 0.12973190755680383)","('1', 0.14459058185587106)","('517', 0.1463924816619788)","('288', 0.1512290518085545)"
"('414', 0.039302285202281025)","('555', 0.04044060682457178)","('448', 0.04513817648668797)","('599', 0.046617522675176895)"
"('308', 0.08142981522913646)","('68', 0.09488213349077174)","('217', 0.10098718092501505)","('469', 0.11072738900951977)"
"('308', 0.08135644103269736)","('210', 0.10625522466853564)","('4', 0.10710461314257713)","('68', 0.11391890072356342)"
"('6', 0.0842972691555574)","('584', 0.085296537673365)","('492', 0.08633338057890416)","('160', 0.08768602352766812)"
"('414', 0.025139388144390273)","('249', 0.027698208029998946)","('68', 0.02838422725050223)","('380', 0.030313797117580456)"
"('489', 0.13004672183153887)","('428', 0.1380262631157473)","('298', 0.1512290518085545)","('391', 0.15225881209433406)"
"('308', 0.0810649729314089)","('153', 0.08333333333333333)","('365', 0.0934984915573404)","('10', 0.10367197603925819)"
"('414', 0.06326273949581145)","('517', 0.06569670883641188)","('68', 0.0660794667929689)","('573', 0.0663515090328441)"
"('308', 0.08572385369268976)","('160', 0.11433841851550565)","('517', 0.11764705882352941)","('217', 0.11881849050177154)"
"('182', 0.07457303036595331)","('462', 0.07667774013050205)","('160', 0.07864495056044024)","('448', 0.09019474442596533)"
"('160', 0.04497057907021178)","('599', 0.0508782654356704)","('603', 0.053743743888864104)","('600', 0.05388787588634479)"
"('298', 0.03287377833049312)","('68', 0.03527956856745984)","('599', 0.036110605242555556)","('517', 0.03899784422384035)"
"('298', 0.08462632608958592)","('567', 0.08741024545287546)","('153', 0.09429793267012902)","('111', 0.09523809523809523)"
"('414', 0.0293855863576399)","('68', 0.03257936479432584)","('380', 0.03646385159332754)","('474', 0.037763801947523046)"
"('414', 0.04021846812236314)","('305', 0.0448756563137008)","('380', 0.045590443488755454)","('610', 0.04677775225664413)"
"('580', 0.07279218110298913)","('517', 0.08317596549812699)","('308', 0.08546667206622334)","('414', 0.0994491992362644)"
"('517', 0.08900958790582515)","('448', 0.09153555508348311)","('42', 0.10320904159048837)","('414', 0.10320904159048837)"
"('414', 0.08194922290123727)","('275', 0.0868666485919116)","('597', 0.0902957297493029)","('45', 0.09111643321451778)"
"('68', 0.0606653929516315)","('603', 0.062113078724852416)","('160', 0.06423101673057262)","('313', 0.0668259796070564)"
"('414', 0.04071920212776081)","('160', 0.04218586021279972)","('599', 0.043360600047164605)","('68', 0.04361857623612444)"
"('43', 0.06936540706703205)","('380', 0.06936540706703205)","('584', 0.07065666533701108)","('6', 0.07084723420236258)"
"('517', 0.125845968142326)","('580', 0.13265505186373677)","('590', 0.15072240113145766)","('414', 0.15894454156034005)"
"('414', 0.10477782979607683)","('68', 0.10997220198634608)","('474', 0.11248762316783266)","('600', 0.11953915363996465)"
"('68', 0.055738022189151804)","('308', 0.06016666399923173)","('517', 0.06322898119006432)","('41', 0.06451612903225806)"
"('298', 0.03865532021197049)","('68', 0.04495868025818546)","('599', 0.04786185247391453)","('448', 0.04876524164197934)"
"('308', 0.08128327065449559)","('153', 0.08247900391562928)","('328', 0.09294016602622353)","('567', 0.10850884755755627)"
"('22', 0.1407800774583959)","('164', 0.17411239489546831)","('217', 0.17826035697019474)","('587', 0.18181818181818182)"
"('307', 0.08843481296003944)","('330', 0.09294016602622353)","('600', 0.09559823688375424)","('599', 0.09571922735235798)"
"('414', 0.0652091500578555)","('517', 0.07056197027431589)","('68', 0.0732118612318503)","('391', 0.07560282330395612)"
"('380', 0.08615786293989429)","('414', 0.08787137935375501)","('308', 0.09080596672292586)","('68', 0.09338599377451795)"
"('599', 0.15894454156034005)","('182', 0.17826035697019474)","('91', 0.18464218557642828)","('153', 0.18660549686337075)"
"('68', 0.06204930311134495)","('414', 0.06408990278685622)","('599', 0.07014062136516654)","('380', 0.07167516549918213)"
"('308', 0.06214504199685367)","('517', 0.06990985622528449)","('68', 0.07060926897583851)","('600', 0.07300109266271634)"
"('307', 0.08487574252862397)","('599', 0.0877785499571333)","('608', 0.09009410830061464)","('219', 0.09338599377451795)"
"('414', 0.03852828215027835)","('68', 0.03964647550589612)","('177', 0.041818470371716036)","('380', 0.04182801408670284)"
"('414', 0.07607479727980286)","('469', 0.07897706510881926)","('18', 0.08240267256634183)","('122', 0.0832545344929116)"
"('68', 0.04493491138509658)","('599', 0.05142480986203896)","('414', 0.05198969088630609)","('480', 0.05206396809692322)"
"('517', 0.06157730012595965)","('68', 0.06259789084825056)","('298', 0.06322898119006432)","('380', 0.06789082782797856)"
"('517', 0.05779731968612316)","('68', 0.05920575976966482)","('160', 0.062177055757167136)","('414', 0.06237020612610181)"
"('414', 0.12849622184722817)","('367', 0.13957875683699938)","('42', 0.14459058185587106)","('105', 0.14503446107483847)"
"('380', 0.07331795061269)","('517', 0.0764347998178936)","('414', 0.0781224138966072)","('573', 0.0781224138966072)"
"('153', 0.11371093948217485)","('217', 0.11433841851550565)","('308', 0.11454999858502388)","('462', 0.12556198186509598)"
"('308', 0.07369302605080595)","('462', 0.08142981522913646)","('153', 0.0907032043003187)","('68', 0.09361141094898698)"
"('599', 0.06060606060606061)","('160', 0.0730536096278095)","('414', 0.07571997037657908)","('608', 0.07773746345405848)"
"('308', 0.09122065570061717)","('249', 0.09547772012110657)","('25', 0.10762453100942435)","('380', 0.10941624977854181)"
"('517', 0.04312815823375835)","('68', 0.04453660958720727)","('298', 0.04497057907021178)","('599', 0.04935502779529249)"
"('386', 0.09090909090909091)","('160', 0.0934984915573404)","('308', 0.09418242656651009)","('600', 0.10477782979607683)"
"('298', 0.10245158724709724)","('448', 0.10625522466853564)","('41', 0.11476280872257703)","('50', 0.11764705882352941)"
"('603', 0.09174737048053264)","('414', 0.10797555124058221)","('68', 0.11497686110163649)","('19', 0.11978243827074593)"
"('308', 0.07595595279317306)","('599', 0.09986141045059158)","('153', 0.1004193871745673)","('365', 0.1012748511208929)"
"('599', 0.0704676644986874)","('182', 0.07177453928648159)","('608', 0.07374709210258673)","('68', 0.07440556295690881)"
"('68', 0.11953915363996465)","('160', 0.12362890232241446)","('414', 0.125845968142326)","('19', 0.12973190755680383)"
"('517', 0.07761044081286783)","('414', 0.08824576037717174)","('68', 0.08989387552372703)","('308', 0.09441387963324659)"
"('584', 0.10113069765789216)","('330', 0.1023021629920016)","('160', 0.10351694645735657)","('307', 0.10659245208837696)"
"('308', 0.06835731080075241)","('365', 0.07986124191121755)","('68', 0.08900958790582515)","('153', 0.09464710756745298)"
"('462', 0.10941624977854181)","('600', 0.10941624977854181)","('330', 0.11189119247086728)","('428', 0.11433841851550565)"
"('160', 0.1060878539025194)","('337', 0.122828568570857)","('451', 0.13100580420257674)","('492', 0.13507810593582123)"
"('298', 0.07123316455861123)","('517', 0.08027976381873014)","('68', 0.085296537673365)","('22', 0.09282973696133366)"
"('68', 0.04982007201312378)","('298', 0.05198969088630609)","('567', 0.05557826400683381)","('599', 0.05564656009922349)"
"('308', 0.07613443486845536)","('136', 0.08301951253873768)","('489', 0.08381101733787108)","('584', 0.085296537673365)"
"('68', 0.056438971264992775)","('517', 0.05741696521185104)","('600', 0.058211657477903876)","('160', 0.05985057201385558)"
"('219', 0.13198753181024742)","('160', 0.13367660240019172)","('600', 0.1368970350053999)","('19', 0.13957875683699938)"
"('68', 0.048211156327716095)","('599', 0.05153267896167568)","('298', 0.05331831632319715)","('462', 0.05893196623098941)"
"('517', 0.04525906105794816)","('68', 0.046393368424897906)","('599', 0.04835901269683993)","('307', 0.0527861633798329)"
"('68', 0.11072738900951977)","('111', 0.11953915363996465)","('153', 0.12256538371419255)","('600', 0.125845968142326)"
"('160', 0.0868666485919116)","('380', 0.0889129881342269)","('153', 0.09250087595983508)","('68', 0.09261009443297592)"
"('599', 0.1097859053299371)","('160', 0.11764705882352941)","('603', 0.122828568570857)","('68', 0.12849622184722817)"
"('414', 0.06292762225067013)","('380', 0.07060926897583851)","('480', 0.07243097223843986)","('182', 0.07274024014849512)"
"('517', 0.0735852591238995)","('308', 0.07519716390182259)","('68', 0.07537019495909898)","('153', 0.07577875409577305)"
"('68', 0.11091873155637468)","('4', 0.11718851276519608)","('414', 0.11834554519037926)","('462', 0.12052171788829114)"
"('160', 0.0939527256629669)","('599', 0.11519216806670013)","('153', 0.11651106980622213)","('297', 0.12178632452799958)"
"('414', 0.04031199595976107)","('610', 0.04253308624613121)","('249', 0.044444444444444446)","('305', 0.044455933319316)"
"('308', 0.09261009443297592)","('22', 0.1090504535237125)","('328', 0.11034777731716484)","('21', 0.11811127418327012)"
"('298', 0.05736682797455384)","('599', 0.05749242319609711)","('600', 0.06025376247877078)","('19', 0.0603997891539587)"
"('380', 0.047227194585793136)","('414', 0.047463925925051595)","('160', 0.0491664332595542)","('452', 0.05)"
"('414', 0.07680010648203002)","('68', 0.07717085030353096)","('603', 0.0838914573693089)","('480', 0.08521186237892293)"
"('414', 0.07207522421598624)","('68', 0.07871102875529136)","('308', 0.08202426271870983)","('380', 0.08270931562630669)"
"('177', 0.09584069468246141)","('567', 0.1004193871745673)","('599', 0.10941624977854181)","('274', 0.11091873155637468)"
"('308', 0.05589919350590866)","('160', 0.05684835012957907)","('414', 0.05782295174593695)","('603', 0.05808120129857578)"
"('240', 0.06370669049627474)","('6', 0.0649878377181464)","('43', 0.06650851452866428)","('584', 0.06831449565938301)"
"('314', 0.11519216806670013)","('19', 0.11696132920126338)","('217', 0.11696132920126338)","('126', 0.12077134402462537)"
"('517', 0.08999381933904535)","('308', 0.1014196461075442)","('365', 0.10171118008217982)","('474', 0.11289081189713343)"
"('517', 0.060079950142203145)","('308', 0.06105544161031719)","('600', 0.06367220055680717)","('307', 0.0668259796070564)"
"('474', 0.0891065135278303)","('177', 0.09164127301593321)","('580', 0.0934984915573404)","('599', 0.0934984915573404)"
"('22', 0.09511898095218128)","('308', 0.09535767393825997)","('153', 0.0994491992362644)","('328', 0.1060878539025194)"
"('308', 0.09282973696133366)","('602', 0.09837531795074314)","('284', 0.1)","('600', 0.10382773130361952)"
"('599', 0.0273972602739726)","('68', 0.029405213493980717)","('298', 0.030313797117580456)","('448', 0.032047710969632826)"
"('298', 0.04199127833127944)","('68', 0.04454817121901355)","('517', 0.045006333163990976)","('599', 0.0459801953928904)"
"('298', 0.0540958439706176)","('567', 0.05620233318059312)","('153', 0.057517643395042756)","('517', 0.05808120129857578)"
"('414', 0.12256538371419255)","('462', 0.13133048602716904)","('600', 0.1343715892188287)","('182', 0.13543579037488937)"
"('517', 0.0939527256629669)","('414', 0.0973366881823024)","('68', 0.09972341667868191)","('42', 0.10542649822871226)"
"('603', 0.06588723439378913)","('517', 0.07014062136516654)","('160', 0.07192439819071868)","('414', 0.07385559170550049)"
"('584', 0.0730536096278095)","('602', 0.07595595279317306)","('6', 0.07818714581559127)","('43', 0.07871102875529136)"
"('414', 0.03904421487966587)","('68', 0.039817934717614106)","('380', 0.04063151465630762)","('517', 0.0408874068483929)"
"('62', 0.1111111111111111)","('517', 0.13068363810000083)","('567', 0.13367660240019172)","('416', 0.13579648178933995)"
"('160', 0.08704668331836253)","('19', 0.10477782979607683)","('489', 0.10559063142118316)","('599', 0.10850884755755627)"
"('517', 0.0920679632380053)","('298', 0.0939527256629669)","('68', 0.09864040534846706)","('599', 0.0994491992362644)"
"('68', 0.04077209178649264)","('603', 0.044687627908842)","('414', 0.04544225221487792)","('474', 0.046159573520591135)"
"('177', 0.12849622184722817)","('322', 0.13507810593582123)","('555', 0.13957875683699938)","('517', 0.1437155838813476)"
"('599', 0.04852326349707321)","('414', 0.05045019171894894)","('610', 0.05329831373078414)","('68', 0.053908562784313496)"
"('43', 0.10290397182775128)","('6', 0.10414144201428256)","('592', 0.11034777731716484)","('174', 0.11268865367232477)"
"('43', 0.08240267256634183)","('160', 0.0920679632380053)","('380', 0.09441387963324659)","('373', 0.09584069468246141)"
"('76', 0.11268865367232477)","('160', 0.11628796611075475)","('608', 0.11881849050177154)","('308', 0.12528000045831353)"
"('517', 0.14201473202245876)","('599', 0.17826035697019474)","('28', 0.1856154626682773)","('199', 0.1886378647726465)"
"('68', 0.09620798984559276)","('599', 0.10429940919118673)","('89', 0.11053707403475357)","('567', 0.12052171788829114)"
"('462', 0.08172536947802089)","('153', 0.08317596549812699)","('308', 0.0864215553583114)","('160', 0.08862512554273572)"
"('308', 0.07128186204915783)","('153', 0.08834013005000138)","('462', 0.08959609502641357)","('365', 0.1030561550871519)"
"('380', 0.09746465591417187)","('68', 0.11072738900951977)","('586', 0.11091873155637468)","('517', 0.1111111111111111)"
"('160', 0.08150339420305275)","('307', 0.09271971393551941)","('462', 0.09429793267012902)","('599', 0.09429793267012902)"
"('104', 0.12789210656028413)","('308', 0.13507810593582123)","('159', 0.13579648178933995)","('28', 0.1368970350053999)"
"('308', 0.09608507269843874)","('584', 0.10542649822871226)","('6', 0.10960059084055324)","('600', 0.11072738900951977)"
"('517', 0.08695652173913043)","('41', 0.08969501534404137)","('308', 0.09090909090909091)","('68', 0.09132524868434898)"
"('414', 0.11858127877712907)","('20', 0.13299282904102766)","('298', 0.141599379761988)","('480', 0.14593533700330263)"
"('308', 0.10070203872693176)","('22', 0.11189119247086728)","('153', 0.11834554519037926)","('10', 0.12002728245132872)"
"('298', 0.0665479445165034)","('448', 0.071039393121306)","('599', 0.07207522421598624)","('600', 0.07531238168820484)"
"('68', 0.07028021008806296)","('474', 0.07686151587758684)","('599', 0.07864495056044024)","('255', 0.08150339420305275)"
"('474', 0.07187433828141755)","('599', 0.07326484679668878)","('603', 0.07457303036595331)","('68', 0.07818714581559127)"
"('414', 0.07692307692307693)","('308', 0.07844773813482285)","('600', 0.07944938256102414)","('307', 0.08092044290312927)"
"('517', 0.06356907343822331)","('603', 0.07951757069767086)","('89', 0.0838914573693089)","('414', 0.08989387552372703)"
"('599', 0.07075175239978831)","('600', 0.07407407407407407)","('153', 0.07491147878038594)","('480', 0.07729566350751464)"
"('599', 0.023222085998075053)","('68', 0.024991991062631374)","('298', 0.025139388144390273)","('517', 0.029201087090566975)"
"('308', 0.0686159452141786)","('153', 0.08349162510502155)","('68', 0.08624548359738018)","('517', 0.0864215553583114)"
"('220', 0.06865934407787179)","('414', 0.06896551724137931)","('45', 0.07182438544168726)","('474', 0.07491147878038594)"
"('308', 0.06831449565938301)","('153', 0.07692307692307693)","('298', 0.07761044081286783)","('68', 0.07844773813482285)"
"('380', 0.06487804258959891)","('68', 0.06588723439378913)","('249', 0.06865934407787179)","('177', 0.06883378713444331)"
"('308', 0.06592554350590615)","('68', 0.06596392109526965)","('599', 0.06887761119447469)","('182', 0.06977251273535154)"
"('68', 0.07818714581559127)","('517', 0.07825204348014335)","('22', 0.07844773813482285)","('153', 0.08263232438108187)"
"('517', 0.09759314798169781)","('308', 0.10414144201428256)","('365', 0.11929741177788225)","('68', 0.12389934309929541)"
"('68', 0.10056040392403998)","('603', 0.10113069765789216)","('517', 0.10592130260593688)","('182', 0.10659245208837696)"
"('328', 0.10461759701469682)","('68', 0.11015948966072774)","('608', 0.11072738900951977)","('483', 0.11248762316783266)"
"('599', 0.07268841312008083)","('68', 0.07502535103270168)","('610', 0.0771086762993731)","('305', 0.07799344445071632)"
"('160', 0.05434867486762326)","('414', 0.05566938257606757)","('68', 0.05716761071022377)","('308', 0.05716761071022377)"
"('298', 0.06437308848394117)","('414', 0.06458801608603708)","('608', 0.06743399046485851)","('307', 0.07142857142857142)"
"('414', 0.09917731364776043)","('182', 0.09958601436548065)","('68', 0.1004193871745673)","('298', 0.11072738900951977)"
"('380', 0.03902100860784393)","('414', 0.04199127833127944)","('68', 0.04590396680006155)","('45', 0.046263038037944106)"
"('599', 0.07838233891661091)","('600', 0.08225066236607853)","('307', 0.08270931562630669)","('608', 0.09571922735235798)"
"('489', 0.09547772012110657)","('517', 0.09972341667868191)","('68', 0.1004193871745673)","('448', 0.10171118008217982)"
"('43', 0.13299282904102766)","('603', 0.14118784806383944)","('68', 0.148748395941096)","('45', 0.14923419446018063)"
"('414', 0.05439116564552269)","('298', 0.05582994570276408)","('599', 0.0561319315733815)","('68', 0.05699502147671603)"
"('308', 0.11562659600676829)","('339', 0.12849622184722817)","('328', 0.13198753181024742)","('298', 0.13840926619852625)"
"('68', 0.045916644817597566)","('517', 0.04884161822643872)","('308', 0.053580455732011874)","('21', 0.05639139975154663)"
"('308', 0.08713713489543432)","('298', 0.09547772012110657)","('22', 0.1015650874624863)","('599', 0.10275248635596666)"
"('43', 0.07412900643094707)","('240', 0.08150339420305275)","('608', 0.08225066236607853)","('599', 0.08598344475655936)"
"('308', 0.07583767869121315)","('517', 0.07891029596989835)","('474', 0.07911112808046702)","('599', 0.08572385369268976)"
"('599', 0.04105774366988674)","('298', 0.04134957360436022)","('414', 0.041386497934268796)","('480', 0.043360600047164605)"
"('308', 0.09153555508348311)","('153', 0.11696132920126338)","('462', 0.12178632452799958)","('328', 0.12973190755680383)"
"('603', 0.11696132920126338)","('68', 0.12444584824196174)","('160', 0.14779166813443093)","('41', 0.1512290518085545)"
"('517', 0.08255555416690967)","('177', 0.08563786063744523)","('153', 0.0868666485919116)","('308', 0.09453027030671084)"
"('414', 0.07993052800928775)","('51', 0.08843481296003944)","('474', 0.10526315789473684)","('597', 0.11015948966072774)"
"('308', 0.09153555508348311)","('567', 0.1015650874624863)","('495', 0.10833016953673653)","('21', 0.10850884755755627)"
"('308', 0.09185384978441957)","('6', 0.11268865367232477)","('330', 0.11350416126511091)","('181', 0.11881849050177154)"
"('308', 0.07542814520690963)","('517', 0.08232655906534667)","('68', 0.0907032043003187)","('365', 0.09090909090909091)"
"('584', 0.07692307692307693)","('6', 0.07742110133200698)","('43', 0.07871102875529136)","('58', 0.08301951253873768)"
"('608', 0.07401926690158717)","('599', 0.07780121570702293)","('308', 0.07986124191121755)","('480', 0.08633338057890416)"
"('414', 0.03134891649904142)","('68', 0.031606534150580706)","('380', 0.032047710969632826)","('599', 0.03237139535604509)"
"('308', 0.1026016932750722)","('305', 0.10997220198634608)","('68', 0.11034777731716484)","('365', 0.11540874213641464)"
"('517', 0.09890772657493047)","('68', 0.09917731364776043)","('298', 0.1004193871745673)","('599', 0.10336263685452844)"
"('160', 0.11189119247086728)","('337', 0.12077134402462537)","('71', 0.12178632452799958)","('462', 0.12256538371419255)"
"('160', 0.0378833077614916)","('599', 0.04366202843615563)","('68', 0.045114117423974774)","('182', 0.046858499350231356)"
"('599', 0.04180893328131937)","('68', 0.0425632549671366)","('608', 0.04541769610206172)","('182', 0.04555325762501589)"
"('603', 0.12052171788829114)","('68', 0.12077134402462537)","('307', 0.13004672183153887)","('517', 0.13879564861321142)"
"('308', 0.09217560210204276)","('584', 0.09837531795074314)","('43', 0.1)","('160', 0.10477782979607683)"
"('160', 0.0934984915573404)","('19', 0.09890772657493047)","('307', 0.10200533896509156)","('600', 0.10510060395752727)"
"('160', 0.08843481296003944)","('308', 0.09261009443297592)","('603', 0.0939527256629669)","('19', 0.1023021629920016)"
"('307', 0.07162563710668096)","('600', 0.07440556295690881)","('308', 0.07972322405002039)","('414', 0.07979214086871815)"
"('153', 0.0920679632380053)","('567', 0.10779959523886555)","('139', 0.10833016953673653)","('365', 0.11169456803684231)"
"('298', 0.07279218110298913)","('22', 0.07294869175787436)","('308', 0.08263232438108187)","('365', 0.0835711203331711)"
"('414', 0.07197456555659683)","('610', 0.07315899347536005)","('249', 0.07589674473267179)","('68', 0.07673884810793714)"
"('414', 0.036577602861251314)","('480', 0.04303415594313492)","('474', 0.04509009739563658)","('610', 0.045114117423974774)"
"('182', 0.11764705882352941)","('308', 0.11858127877712907)","('34', 0.12230396133076557)","('177', 0.12849622184722817)"
"('308', 0.0560851467837266)","('517', 0.06370669049627474)","('160', 0.06747513137413291)","('599', 0.06977251273535154)"
"('517', 0.07310624308673531)","('308', 0.07717085030353096)","('160', 0.0796544906286139)","('68', 0.07972322405002039)"
"('298', 0.06087446675333972)","('599', 0.06914236903099173)","('517', 0.06990985622528449)","('448', 0.07167516549918213)"
"('7', 0.11149901960407381)","('474', 0.12002728245132872)","('4', 0.12178632452799958)","('477', 0.12700245497154075)"
"('584', 0.10676232268609791)","('353', 0.11268865367232477)","('94', 0.11606619483971768)","('314', 0.11606619483971768)"
"('68', 0.042523044463232025)","('217', 0.045018270457898496)","('603', 0.04610810507160937)","('599', 0.046617522675176895)"
"('308', 0.07407407407407407)","('160', 0.08815170219611887)","('600', 0.08881671236778509)","('307', 0.08959609502641357)"
"('308', 0.10559063142118316)","('153', 0.11391890072356342)","('76', 0.12444584824196174)","('462', 0.12849622184722817)"
"('308', 0.10797555124058221)","('153', 0.10833016953673653)","('599', 0.11562659600676829)","('474', 0.12362890232241446)"
"('308', 0.1407800774583959)","('68', 0.14285714285714285)","('298', 0.14285714285714285)","('517', 0.1437155838813476)"
"('414', 0.029343196719914182)","('599', 0.030951181423442976)","('517', 0.03291057450415099)","('68', 0.03404542527142067)"
"('567', 0.0506030286019764)","('298', 0.054562150212743375)","('599', 0.05508513827249256)","('489', 0.055262904711686725)"
"('608', 0.08862512554273572)","('600', 0.09250087595983508)","('308', 0.09418242656651009)","('68', 0.09657969325936246)"
"('599', 0.03757633122096396)","('68', 0.03915306841349863)","('298', 0.04225461514049005)","('274', 0.044047945562150435)"
"('414', 0.12444584824196174)","('337', 0.13579648178933995)","('68', 0.13957875683699938)","('419', 0.15072240113145766)"
"('599', 0.06941028071491984)","('68', 0.07167516549918213)","('414', 0.07491147878038594)","('600', 0.07717085030353096)"
"('68', 0.03256150726792306)","('380', 0.03393869713312396)","('414', 0.03505977249047689)","('599', 0.0381474334245702)"
"('160', 0.13068363810000083)","('380', 0.1365270594958143)","('452', 0.1380262631157473)","('453', 0.14118784806383944)"
"('160', 0.06831449565938301)","('599', 0.070704159697787)","('448', 0.07496834829258225)","('414', 0.07508248752739581)"
"('68', 0.03460014515319281)","('298', 0.035667139272865134)","('599', 0.03786213496571714)","('517', 0.03844675420464307)"
"('599', 0.047227194585793136)","('298', 0.047619047619047616)","('608', 0.05137113327240996)","('307', 0.051604976835899354)"
"('600', 0.09837531795074314)","('386', 0.10056040392403998)","('308', 0.10200533896509156)","('428', 0.10477782979607683)"
"('160', 0.07028021008806296)","('308', 0.07754716906313396)","('386', 0.08209951522176571)","('307', 0.0864215553583114)"
"('122', 0.08381101733787108)","('522', 0.08487574252862397)","('573', 0.08969501534404137)","('105', 0.09429793267012902)"
"('517', 0.07391002619321582)","('89', 0.0773583040132854)","('308', 0.07904400888854206)","('603', 0.08099260835937548)"
"('414', 0.03251699303774236)","('68', 0.0329938249178388)","('380', 0.03489900310055603)","('608', 0.03934184106534996)"
"('68', 0.0732118612318503)","('177', 0.08092044290312927)","('200', 0.08615786293989429)","('573', 0.08862512554273572)"
"('298', 0.06789082782797856)","('153', 0.07931354591584223)","('517', 0.08504328885119831)","('489', 0.0902957297493029)"
"('599', 0.05119343939518435)","('414', 0.05959570095991734)","('19', 0.061859174183856336)","('608', 0.06573467862463629)"
"('308', 0.08349162510502155)","('313', 0.09132524868434898)","('217', 0.09174737048053264)","('153', 0.09535767393825997)"
"('308', 0.06914236903099173)","('462', 0.09608507269843874)","('461', 0.09670458952040234)","('153', 0.10245158724709724)"
"('298', 0.04361857623612444)","('68', 0.04691256746547673)","('599', 0.04773283965556676)","('517', 0.0490264216955918)"
"('308', 0.13616022344521683)","('21', 0.1368970350053999)","('380', 0.14118784806383944)","('414', 0.15278212615814146)"
"('153', 0.0832545344929116)","('68', 0.083730815276797)","('308', 0.08969501534404137)","('573', 0.08979427485362797)"
"('308', 0.08843481296003944)","('600', 0.09174737048053264)","('307', 0.09464710756745298)","('19', 0.09633139677755011)"
"('517', 0.17253779651421453)","('414', 0.17491720310721423)","('477', 0.1765633506768389)","('76', 0.17826035697019474)"
"('414', 0.0730536096278095)","('474', 0.07917842346080452)","('68', 0.07958593978320436)","('603', 0.0842972691555574)"
"('160', 0.10351694645735657)","('414', 0.11189119247086728)","('6', 0.11606619483971768)","('19', 0.11606619483971768)"
"('68', 0.08843481296003944)","('474', 0.08959609502641357)","('414', 0.09383852528904046)","('480', 0.09620798984559276)"
"('308', 0.08049158037680203)","('414', 0.08487574252862397)","('610', 0.0891065135278303)","('305', 0.09196071325456735)"
"('298', 0.0827865289780712)","('599', 0.09708231133180277)","('462', 0.09890772657493047)","('68', 0.10797555124058221)"
"('365', 0.1190571961576627)","('599', 0.12178632452799958)","('480', 0.1365270594958143)","('517', 0.1368970350053999)"
"('177', 0.11248762316783266)","('105', 0.12700245497154075)","('249', 0.12700245497154075)","('68', 0.12880166769238752)"
"('602', 0.1261319836228832)","('584', 0.12729683913915313)","('330', 0.13367660240019172)","('458', 0.1482675827043134)"
"('474', 0.10070203872693176)","('603', 0.10745035092526581)","('414', 0.11454999858502388)","('606', 0.11519216806670013)"
"('68', 0.05284449126911763)","('517', 0.053158934800179844)","('298', 0.053358390435729625)","('414', 0.054327467501752345)"
"('414', 0.06727019411169698)","('474', 0.07485474197237743)","('380', 0.07723317915589785)","('68', 0.07831710760683505)"
"('153', 0.07496834829258225)","('308', 0.08056257029410699)","('41', 0.09746465591417187)","('462', 0.10642342175357314)"
"('308', 0.07877727855268139)","('584', 0.09090909090909091)","('6', 0.09174737048053264)","('314', 0.09785171972967724)"
"('517', 0.1158457425543559)","('160', 0.1167355195593027)","('313', 0.12230396133076557)","('116', 0.125)"
"('517', 0.055738022189151804)","('68', 0.05772063170363279)","('160', 0.060108812201691536)","('328', 0.06054690573173264)"
"('308', 0.08668776138957036)","('153', 0.09720924117892499)","('328', 0.10526315789473684)","('567', 0.10625522466853564)"
"('461', 0.13004672183153887)","('153', 0.1343715892188287)","('313', 0.1365270594958143)","('517', 0.1368970350053999)"
"('414', 0.029201087090566975)","('380', 0.032539227060744066)","('474', 0.03291057450415099)","('68', 0.03307303989702774)"
"('160', 0.1380262631157473)","('489', 0.1407800774583959)","('68', 0.14328432723886902)","('474', 0.1437155838813476)"
"('298', 0.10642342175357314)","('448', 0.13004672183153887)","('28', 0.131657717156152)","('599', 0.13543579037488937)"
"('68', 0.058769539640105554)","('298', 0.060635704539036266)","('160', 0.06279509157429221)","('599', 0.06296088918883092)"
"('160', 0.10414144201428256)","('301', 0.1380262631157473)","('489', 0.14201473202245876)","('288', 0.1424339656566283)"
"('517', 0.052516544076020695)","('68', 0.05689711216164667)","('308', 0.059907664939756224)","('328', 0.061608425158994874)"
"('308', 0.074798137347717)","('599', 0.07496834829258225)","('298', 0.07571997037657908)","('139', 0.08150339420305275)"
"('160', 0.06394973584199037)","('330', 0.07037374532347497)","('480', 0.0739645844337009)","('414', 0.07429455944490836)"
"('517', 0.044330050969940915)","('298', 0.045929333514148636)","('68', 0.04695324362575289)","('414', 0.050433296700884665)"
"('68', 0.10084429617915293)","('298', 0.10477782979607683)","('365', 0.10745035092526581)","('308', 0.10960059084055324)"
"('160', 0.05290301655702083)","('68', 0.057542897489837985)","('599', 0.0590136968177768)","('288', 0.06123807571263201)"
"('328', 0.06941028071491984)","('68', 0.08487574252862397)","('111', 0.08581011445627786)","('41', 0.08852981086654285)"
"('160', 0.10745035092526581)","('597', 0.12178632452799958)","('270', 0.125)","('492', 0.1261319836228832)"
"('308', 0.125845968142326)","('307', 0.1261319836228832)","('600', 0.12941948075789503)","('386', 0.13367660240019172)"
"('160', 0.10727704745123251)","('153', 0.12027370322216947)","('308', 0.12973190755680383)","('365', 0.13100580420257674)"
"('308', 0.07009428092240914)","('153', 0.08521186237892293)","('517', 0.09476439431879669)","('160', 0.09571922735235798)"
"('68', 0.1012748511208929)","('462', 0.1030561550871519)","('41', 0.11169456803684231)","('153', 0.11391890072356342)"
"('298', 0.03806115862359894)","('448', 0.041789878943489664)","('68', 0.044675955682943774)","('599', 0.04576520913427791)"
"('68', 0.10070203872693176)","('452', 0.122828568570857)","('200', 0.1233603071065848)","('236', 0.125)"
"('599', 0.0922836322344961)","('43', 0.09890772657493047)","('240', 0.1)","('600', 0.10013918969035378)"
"('495', 0.0887207587759528)","('177', 0.09682998898940481)","('448', 0.0973366881823024)","('249', 0.1012748511208929)"
"('599', 0.10642342175357314)","('89', 0.10997220198634608)","('387', 0.11309410860626547)","('307', 0.12389934309929541)"
"('365', 0.09864040534846706)","('599', 0.10850884755755627)","('298', 0.11391890072356342)","('22', 0.11978243827074593)"
"('600', 0.09785171972967724)","('462', 0.09904223485419114)","('567', 0.10113069765789216)","('153', 0.1097859053299371)"
"('160', 0.0734779760311297)","('308', 0.07844773813482285)","('599', 0.08225066236607853)","('19', 0.085296537673365)"
"('68', 0.06108576471387629)","('298', 0.06170209044840629)","('599', 0.06473253081492125)","('414', 0.0647688148346682)"
"('599', 0.05945553468227231)","('448', 0.06506135213235968)","('517', 0.0665479445165034)","('153', 0.06743399046485851)"
"('160', 0.10815240673485554)","('599', 0.11454999858502388)","('288', 0.11929741177788225)","('153', 0.1343715892188287)"
"('414', 0.14118784806383944)","('160', 0.148748395941096)","('599', 0.15384615384615385)","('266', 0.16330595576157622)"
"('160', 0.08487574252862397)","('555', 0.08668776138957036)","('182', 0.08704668331836253)","('414', 0.0877785499571333)"
"('365', 0.15022110482233483)","('4', 0.16139047779640892)","('474', 0.16597681693032765)","('399', 0.16879264089884097)"
"('153', 0.12671020163537874)","('41', 0.12729683913915313)","('448', 0.12973190755680383)","('160', 0.13133048602716904)"
"('308', 0.0785133059912651)","('15', 0.09250087595983508)","('328', 0.09372475462602009)","('160', 0.10642342175357314)"
"('153', 0.09164127301593321)","('41', 0.10727704745123251)","('15', 0.11476280872257703)","('139', 0.1167355195593027)"
"('308', 0.06896551724137931)","('393', 0.06941028071491984)","('610', 0.07212571629342618)","('599', 0.07243097223843986)"
"('68', 0.06240257709150932)","('414', 0.06963599558246415)","('608', 0.07202484076803106)","('182', 0.07310624308673531)"
"('68', 0.07595595279317306)","('28', 0.07613443486845536)","('308', 0.08099260835937548)","('599', 0.08209951522176571)"
"('599', 0.06986398272734382)","('68', 0.07084723420236258)","('153', 0.07237982001823152)","('462', 0.0738012804984737)"
"('599', 0.03646385159332754)","('19', 0.039768716383675726)","('160', 0.03987559093852097)","('294', 0.04044060682457178)"
"('22', 0.10642342175357314)","('567', 0.12417165107349624)","('448', 0.12700245497154075)","('298', 0.13543579037488937)"
"('153', 0.09824360210622114)","('428', 0.09904223485419114)","('160', 0.10693304064356411)","('308', 0.10779959523886555)"
"('414', 0.08659874426180945)","('68', 0.09009410830061464)","('599', 0.09682998898940481)","('600', 0.10098718092501505)"
"('43', 0.06797491551231064)","('240', 0.07202484076803106)","('160', 0.07217631739532689)","('6', 0.07595595279317306)"
"('68', 0.05006592189696456)","('298', 0.05094779193698601)","('517', 0.053908562784313496)","('600', 0.05515159555217714)"
"('68', 0.04130355885982394)","('380', 0.04521058894818624)","('517', 0.04635415183289753)","('414', 0.047075920440360026)"
"('68', 0.05228876018440262)","('517', 0.05247836949313166)","('298', 0.052863977709902865)","('599', 0.053479167399288575)"
"('298', 0.06631243518544347)","('68', 0.083730815276797)","('517', 0.08668776138957036)","('177', 0.08959609502641357)"
"('298', 0.04922905353717195)","('448', 0.0709912031030978)","('89', 0.07589674473267179)","('111', 0.08172536947802089)"
"('602', 0.11881849050177154)","('308', 0.1190571961576627)","('43', 0.11978243827074593)","('314', 0.12178632452799958)"
"('308', 0.07924589581061381)","('6', 0.08035017801738151)","('68', 0.08381101733787108)","('330', 0.08479235127672252)"
"('249', 0.034992974939138055)","('380', 0.037562556751545254)","('610', 0.03875333090700028)","('414', 0.0397933024069287)"
"('599', 0.1437155838813476)","('217', 0.15174115516527187)","('603', 0.15331120368114)","('6', 0.1607677430268676)"
"('314', 0.10351694645735657)","('160', 0.11606619483971768)","('386', 0.11696132920126338)","('330', 0.11881849050177154)"
"('160', 0.05945553468227231)","('308', 0.06440875736349501)","('462', 0.0652091500578555)","('414', 0.06573467862463629)"
"('380', 0.08881671236778509)","('603', 0.09174737048053264)","('19', 0.09305100366818048)","('307', 0.09361141094898698)"
"('517', 0.05208258810961785)","('603', 0.06588723439378913)","('599', 0.06927592669941171)","('308', 0.06995582247686107)"
"('599', 0.040100381830719664)","('298', 0.041460648628666885)","('68', 0.04344607515515038)","('153', 0.04362942693802497)"
"('308', 0.10477782979607683)","('314', 0.11189119247086728)","('126', 0.11268865367232477)","('428', 0.11350416126511091)"
"('68', 0.13100580420257674)","('603', 0.13507810593582123)","('599', 0.14415097937281632)","('153', 0.14923419446018063)"
"('414', 0.12204428147722324)","('474', 0.13616022344521683)","('599', 0.14415097937281632)","('217', 0.148748395941096)"
"('160', 0.06764046958777896)","('603', 0.07142857142857142)","('517', 0.07227784826255533)","('414', 0.07326484679668878)"
"('298', 0.13265505186373677)","('153', 0.13918546143426822)","('517', 0.1583512993162321)","('599', 0.16202097927744855)"
"('160', 0.07182438544168726)","('153', 0.07786512949606472)","('19', 0.08035017801738151)","('428', 0.08255555416690967)"
"('68', 0.042909784538158025)","('474', 0.04320170498539346)","('414', 0.04423917917438175)","('182', 0.046056811161700885)"
"('308', 0.08349162510502155)","('22', 0.0838914573693089)","('153', 0.08470921289405749)","('365', 0.09132524868434898)"
"('153', 0.08049158037680203)","('567', 0.09523809523809523)","('139', 0.09695589510319043)","('365', 0.0994491992362644)"
"('68', 0.11149901960407381)","('177', 0.11391890072356342)","('307', 0.11433841851550565)","('298', 0.11519216806670013)"
"('307', 0.05893196623098941)","('599', 0.05917820494770464)","('600', 0.060079950142203145)","('160', 0.06237020612610181)"
"('68', 0.08077670565557231)","('599', 0.0889129881342269)","('308', 0.09488213349077174)","('298', 0.1015650874624863)"
"('567', 0.04349975839854098)","('153', 0.051641242147827386)","('448', 0.05353987007917717)","('599', 0.05615536878853148)"
"('603', 0.05915068936740821)","('19', 0.0625)","('474', 0.06558320222165845)","('68', 0.06650851452866428)"
"('308', 0.08063375388365411)","('43', 0.08668776138957036)","('6', 0.08741024545287546)","('584', 0.08852981086654285)"
"('308', 0.08759379839999841)","('187', 0.10084429617915293)","('91', 0.1015650874624863)","('68', 0.10290397182775128)"
"('517', 0.0378480397330838)","('68', 0.0391843393094185)","('380', 0.043947718195462344)","('414', 0.043981050093921864)"
"('391', 0.09217560210204276)","('603', 0.09441387963324659)","('462', 0.09535767393825997)","('182', 0.09559823688375424)"
"('160', 0.0709912031030978)","('608', 0.0735852591238995)","('599', 0.07363908187859539)","('428', 0.07577875409577305)"
"('68', 0.062177055757167136)","('414', 0.06674617714195148)","('573', 0.06874639552955653)","('177', 0.06883378713444331)"
"('599', 0.04385920792112102)","('414', 0.04601845467435074)","('160', 0.04865892405512695)","('489', 0.04879574852141934)"
"('462', 0.1247219569701368)","('4', 0.12973190755680383)","('160', 0.1365270594958143)","('217', 0.14459058185587106)"
"('567', 0.053560151155252346)","('68', 0.056038481089029236)","('380', 0.05677544627576782)","('414', 0.058608476280968914)"
"('599', 0.03927072744008391)","('68', 0.039785101929998866)","('517', 0.040649006191388296)","('217', 0.04301335113620848)"
"('41', 0.09305100366818048)","('517', 0.09824360210622114)","('380', 0.10526315789473684)","('219', 0.10710461314257713)"
"('414', 0.023222085998075053)","('380', 0.0273972602739726)","('68', 0.02933994364823643)","('474', 0.030951181423442976)"
"('414', 0.0300201235309751)","('474', 0.034632370785480295)","('68', 0.034751315800989356)","('599', 0.037076670863312705)"
"('308', 0.05557826400683381)","('153', 0.05684835012957907)","('22', 0.07147768141142521)","('298', 0.07177453928648159)"
"('308', 0.07023358562337863)","('6', 0.07065666533701108)","('386', 0.07595595279317306)","('603', 0.07619421680124755)"
"('414', 0.03188741348522457)","('599', 0.035922799861855106)","('474', 0.03617182678271996)","('68', 0.03647014293722498)"
"('599', 0.0735852591238995)","('160', 0.08209951522176571)","('136', 0.08704668331836253)","('608', 0.08796451339590479)"
"('177', 0.06642986932598063)","('414', 0.06776529345124889)","('380', 0.07294869175787436)","('298', 0.07374709210258673)"
"('68', 0.03911408629556264)","('517', 0.03993350183768218)","('414', 0.040834061358316284)","('599', 0.041294374595702225)"
"('160', 0.051000127634839666)","('599', 0.05482173721372715)","('68', 0.05675120849625672)","('307', 0.0574420841805105)"
"('414', 0.03104338871824014)","('599', 0.03280968426954764)","('448', 0.03400973611349372)","('68', 0.0351269587121974)"
"('308', 0.11391890072356342)","('584', 0.12077134402462537)","('160', 0.1261319836228832)","('43', 0.13507810593582123)"
"('298', 0.03125393850446235)","('599', 0.032060470377705715)","('68', 0.03569658362741708)","('517', 0.038738203151451996)"
